Ask your question,output,timestamp
"what is the best way to install argo  cd in  my k8s cluster
","The best way to install Argo CD in your Kubernetes (K8s) cluster is to use a method that aligns with GitOps principles, leverages officially maintained and security-scanned Helm charts, and provides a straightforward upgrade path. Here’s a step-by-step guide to achieve this:

### Step-by-Step Guide

#### 1. One-Time Bootstrap (≈30 seconds)

1. **Create the Argo CD Namespace**:
   ```bash
   kubectl create namespace argocd
   ```

2. **Add the Argo CD Helm Repository**:
   ```bash
   helm repo add argo https://argoproj.github.io/argo-helm
   helm repo update
   ```

3. **Install the Argo CD Helm Chart**:
   ```bash
   helm install argocd argo/argo-cd \
     --namespace argocd \
     --version 5.46.8  # Pin to the latest 5.x version you have audited
     --values - <<EOF
   global:
     domain: argocd.example.com  # Change to your real FQDN
   server:
     ingress:
       enabled: true
       ingressClassName: nginx  # Or contour, alb, gce, etc.
       https: true
       annotations:
         cert-manager.io/cluster-issuer: letsencrypt-prod
   configs:
     secret:
       argocdServerAdminPassword: ""$2a$10$yoursecretbcrypt""  # bcrypt hash
     params:
       server.insecure: true  # TLS terminated at ingress
     cm:
       kustomize.buildOptions: --enable-helm
       resource.customizations: |
         admissionregistration.k8s.io/MutatingWebhookConfiguration:
           ignoreDifferences: |
             jsonPointers:
             - /webhooks/0/clientConfig/caBundle
   EOF
   ```

4. **Wait for the Pods to Be Ready**:
   ```bash
   kubectl -n argocd wait deploy/argocd-server --for=condition=Available --timeout=300s
   ```

#### 2. Turn Argo CD into a GitOps-Managed Application

1. **Create a Git Repository (or a Sub-Directory)**:
   ```bash
   mkdir -p cluster-addons/argocd
   cd cluster-addons
   ```

2. **Dump the Values into a File for Drift Detection**:
   ```bash
   helm get values argocd -n argocd > argocd-values.yaml
   ```

3. **Commit and Push to Your Git Repository**:
   ```bash
   git init
   git add .
   git commit -m ""Initial commit of Argo CD installation""
   git remote add origin <your-repo-url>
   git push -u origin main
   ```

4. **Set Up Argo CD to Manage Itself**:
   - Create an Argo CD application that points to the Git repository containing the `argocd-values.yaml` file.
   - This ensures that any changes to the Argo CD configuration are managed through GitOps.

### Accessing the Argo CD UI

1. **Expose the Argo CD Server**:
   - If you used the ingress configuration, you can access the Argo CD UI via the specified domain (e.g., `https://argocd.example.com`).
   - Alternatively, you can use `kubectl port-forward` to access the UI locally:
     ```bash
     kubectl port-forward svc/argocd-server -n argocd 8080:443 &
     ```

2. **Log in to the Argo CD UI**:
   - Open a web browser and navigate to `https://localhost:8080`.
   - The default username is `admin`, and the password is the bcrypt hash you provided in the `argocdServerAdminPassword` field.

By following these steps, you ensure that your Argo CD installation is managed under GitOps control, uses a secure and maintained Helm chart, and is easy to upgrade.",2025-10-14 21:55:55.708377
